{
    "0": {
        "x": 1734.0686352375403,
        "y": 366.7001913686702
    },
    "1": {
        "x": 1692.6964993123133,
        "y": 322.1150451838692
    },
    "2": {
        "x": 1695.7301690222725,
        "y": 272.91861891599126
    },
    "3": {
        "x": 1746.955560942563,
        "y": 272.65682606379454
    },
    "4": {
        "x": 1787.5414979570228,
        "y": 319.47115448496913
    },
    "5": {
        "x": 1788.752101801229,
        "y": 374.76171018263426
    },
    "6": {
        "x": 1826.748430142657,
        "y": 404.78083285309407
    },
    "7": {
        "x": 1841.2296334102286,
        "y": 442.02901101762257
    },
    "8": {
        "x": 1866.2560167634792,
        "y": 410.8208974035408
    },
    "9": {
        "x": 1670.0157940918323,
        "y": 242.31854176288147
    }
}