{
  "0": {
      "x": 1763.52505671623,
      "y": 236.9726929116213
  },
  "1": {
      "x": 1814.140191308118,
      "y": 252.98854126480398
  },
  "2": {
      "x": 1821.4944609303518,
      "y": 309.15244158254035
  },
  "3": {
      "x": 1789.0391370464954,
      "y": 359.03795763801713
  },
  "4": {
      "x": 1713.3328589205323,
      "y": 337.29151016483894
  },
  "5": {
      "x": 1720.1822920587324,
      "y": 277.711283202383
  },
  "6": {
      "x": 1670.418864607651,
      "y": 358.264666333147
  },
  "7": {
      "x": 1633.6712289709708,
      "y": 373.9596408356512
  },
  "8": {
      "x": 1815.625076826032,
      "y": 403.7582835240626
  },
  "9": {
      "x": 1820.9476286904896,
      "y": 443.3693017581156
  },
  "10": {
      "x": 1852.6088689114547,
      "y": 418.9254612078434
  }
}