{
  "0": {
      "x": 1802.1305117667243,
      "y": 255.7731594020301
  },
  "1": {
      "x": 1778.857850704384,
      "y": 288.1542090569154
  },
  "2": {
      "x": 1711.3223719770447,
      "y": 328.38514383116825
  },
  "3": {
      "x": 1724.6270438240606,
      "y": 238.7360530157962
  },
  "4": {
      "x": 1855.5504718231064,
      "y": 200.8877773671269
  },
  "5": {
      "x": 1834.51583991009,
      "y": 145.24666286260316
  },
  "6": {
      "x": 1870.0291053886958,
      "y": 163.64459115871915
  },
  "7": {
      "x": 1732.3576040001199,
      "y": 277.9574994791042
  },
  "8": {
      "x": 1773.6111442597264,
      "y": 358.0412860050927
  },
  "9": {
      "x": 1733.775157109327,
      "y": 361.4933598106608
  },
  "10": {
      "x": 1816.5738400912728,
      "y": 180.95019962371504
  },
  "11": {
      "x": 1820.8481685047045,
      "y": 220.67796204465904
  },
  "12": {
      "x": 1757.0384464665224,
      "y": 212.07642382773125
  },
  "13": {
      "x": 1748.785380808647,
      "y": 314.42084754331995
  },
  "14": {
      "x": 1705.6695909578293,
      "y": 449.4450170775041
  },
  "15": {
      "x": 1743.5268917327048,
      "y": 436.7123765968351
  },
  "16": {
      "x": 1868.1950632800151,
      "y": 123.66797031996445
  },
  "17": {
      "x": 1831.496044787042,
      "y": 282.777570872094
  },
  "18": {
      "x": 1773.006776828939,
      "y": 463.67749255203086
  },
  "19": {
      "x": 1799.7913602414583,
      "y": 322.2216279466949
  },
  "20": {
      "x": 1811.0953260663669,
      "y": 451.73659116257517
  },
  "21": {
      "x": 1762.4807938450244,
      "y": 251.67736154804427
  },
  "22": {
      "x": 1781.6948822204743,
      "y": 424.7730564569111
  },
  "23": {
      "x": 1708.2454640389685,
      "y": 505.6350331212618
  },
  "24": {
      "x": 1652.769869160778,
      "y": 451.7846682116948
  },
  "25": {
      "x": 1673.370336985134,
      "y": 486.0662200453393
  },
  "26": {
      "x": 1802.3009690005279,
      "y": 490.74058681890955
  },
  "27": {
      "x": 1675.4045756673183,
      "y": 418.832001428321
  },
  "28": {
      "x": 1695.8021759853962,
      "y": 374.0050352067947
  },
  "29": {
      "x": 1763.9375367320818,
      "y": 504.71274999079975
  },
  "30": {
      "x": 1799.1431335605384,
      "y": 388.79816371402967
  },
  "31": {
      "x": 1714.2369807233015,
      "y": 409.4984621294814
  },
  "32": {
      "x": 1735.2785256907728,
      "y": 476.2320885146877
  },
  "33": {
      "x": 1752.4059526846233,
      "y": 397.68740660025253
  }
}