{
  "0": {
      "x": 1651.1842638457524,
      "y": 322.7594256184808
  },
  "1": {
      "x": 1744.4175556753648,
      "y": 285.3700823256502
  },
  "2": {
      "x": 1730.18740827823,
      "y": 384.8196564294006
  },
  "3": {
      "x": 1615.36175439891,
      "y": 368.37710755768086
  },
  "4": {
      "x": 1663.8217066181771,
      "y": 223.56443166300727
  },
  "5": {
      "x": 1639.1795391655644,
      "y": 167.98077110105945
  },
  "6": {
      "x": 1696.6650616111308,
      "y": 175.75367050792363
  },
  "7": {
      "x": 1672.771129144657,
      "y": 376.5919075441671
  },
  "8": {
      "x": 1805.3502612659343,
      "y": 296.45466803521816
  },
  "9": {
      "x": 1767.7213433308102,
      "y": 340.6201280011017
  },
  "10": {
      "x": 1606.3319083246572,
      "y": 215.78710850431096
  },
  "11": {
      "x": 1628.3433044885273,
      "y": 269.44855503949776
  },
  "12": {
      "x": 1592.5138670785693,
      "y": 315.0702205090647
  },
  "13": {
      "x": 1708.5933176366277,
      "y": 330.95931409340125
  },
  "14": {
      "x": 1902.1479321192255,
      "y": 401.13396429193466
  },
  "15": {
      "x": 1844.3088955192136,
      "y": 405.64526992623536
  },
  "16": {
      "x": 1674.656178917108,
      "y": 122.0862464779323
  },
  "17": {
      "x": 1722.8075281520507,
      "y": 231.52352212853395
  },
  "18": {
      "x": 1824.7069616183333,
      "y": 351.0598426381718
  },
  "19": {
      "x": 1783.6914357620658,
      "y": 242.71319945780473
  },
  "20": {
      "x": 1960.0022217889907,
      "y": 396.74141408517585
  },
  "21": {
      "x": 1686.9633162159605,
      "y": 277.1449018408232
  },
  "22": {
      "x": 1940.346086483286,
      "y": 342.18775799406353
  },
  "23": {
      "x": 1839.5667125702123,
      "y": 497.6898347095067
  },
  "24": {
      "x": 1720.1362682003546,
      "y": 489.35033539124294
  },
  "25": {
      "x": 1777.195704179225,
      "y": 499.81640179574583
  },
  "26": {
      "x": 1934.925041160943,
      "y": 449.0056713545409
  },
  "27": {
      "x": 1806.7243517548543,
      "y": 449.8988298848217
  },
  "28": {
      "x": 1787.2341880569895,
      "y": 395.2435660333624
  },
  "29": {
      "x": 1909.796747818163,
      "y": 501.31625697667846
  },
  "30": {
      "x": 1863.1658763433422,
      "y": 291.9231396399696
  },
  "31": {
      "x": 1749.6453251808196,
      "y": 439.4337025245396
  },
  "32": {
      "x": 1877.0610556522229,
      "y": 453.4202403977486
  },
  "33": {
      "x": 1882.5011378271756,
      "y": 346.61810858826897
  }
}