{
    "0": {
        "x": 1861.9410241821492,
        "y": 94.07057353470411
    },
    "1": {
        "x": 1796.326550566864,
        "y": 98.43754084262578
    },
    "2": {
        "x": 1749.0868443525874,
        "y": 154.62626692524677
    },
    "3": {
        "x": 1684.4576472814392,
        "y": 191.84015219387427
    },
    "4": {
        "x": 1649.4544416540425,
        "y": 268.4591151402386
    },
    "5": {
        "x": 1661.0132189523383,
        "y": 345.9303926701347
    },
    "6": {
        "x": 1649.593554910246,
        "y": 423.1052370393232
    },
    "7": {
        "x": 1680.250513733017,
        "y": 493.70339623095094
    },
    "8": {
        "x": 1735.5313077180792,
        "y": 524.8469368115955
    },
    "9": {
        "x": 1793.912143826058,
        "y": 428.29497835762163
    },
    "10": {
        "x": 1750.4349113646654,
        "y": 338.6047833775676
    },
    "11": {
        "x": 1798.1378897605584,
        "y": 234.7985347166529
    },
    "12": {
        "x": 1888.6465457185514,
        "y": 223.38687586112104
    },
    "13": {
        "x": 1898.9802608735336,
        "y": 150.54302272281373
    },
    "14": {
        "x": 1897.43961081983,
        "y": 300.55442526455596
    },
    "15": {
        "x": 1859.01877999416,
        "y": 380.60982372495425
    },
    "16": {
        "x": 1728.9728783957826,
        "y": 597.8361568303673
    },
    "17": {
        "x": 1745.8199305973587,
        "y": 634.0908281547262
    },
    "18": {
        "x": 1705.9831239462032,
        "y": 630.5449547240972
    }
}