{
    "conv1_att_src": [
        -0.025796471163630486,
        -0.15423668920993805,
        -0.2063715159893036,
        0.013152625411748886,
        -0.1631976068019867,
        -0.2934349775314331,
        0.24937961995601654,
        -0.05599246546626091,
        -0.05251543968915939,
        0.1961575150489807,
        0.2047482430934906,
        0.16950783133506775,
        -0.14910468459129333,
        0.010973799973726273,
        -0.06742183119058609,
        -0.01488584280014038,
        0.22696204483509064,
        -0.057067252695560455,
        0.08211956173181534,
        -0.056187670677900314,
        -0.046409741044044495,
        -0.11392305791378021,
        -0.1619807481765747,
        0.09223836660385132,
        0.04023048281669617,
        0.02751767635345459,
        -0.14845360815525055,
        0.17546485364437103,
        0.05290308967232704,
        0.045023735612630844,
        0.01366130355745554,
        -0.03369978442788124,
        -0.1457667499780655,
        0.33963510394096375,
        -0.07742719352245331,
        0.31598082184791565,
        -0.09184004366397858,
        0.12934578955173492,
        -0.1609225869178772,
        -0.09950930625200272,
        -0.15000751614570618,
        -0.017162956297397614,
        0.02593105286359787,
        0.056207794696092606,
        0.05344122648239136,
        0.08316781371831894,
        -0.14694257080554962,
        -0.06808815896511078,
        0.03568742424249649,
        -0.03781118988990784,
        -0.008128252811729908,
        0.15503214299678802,
        0.10610146820545197,
        -0.2667245864868164,
        0.126755028963089,
        0.13367103040218353,
        0.32157519459724426,
        0.05475229397416115,
        -0.2402109056711197,
        -0.1691410094499588,
        0.07603663951158524,
        -0.08908174932003021,
        0.00953614804893732,
        -0.08739140629768372
    ],
    "conv1_att_dst": [
        0.3398883044719696,
        -0.01735452190041542,
        -0.12708379328250885,
        0.16754963994026184,
        0.2764972150325775,
        -0.37741854786872864,
        0.1547364741563797,
        -0.014449072070419788,
        -0.2445894181728363,
        0.31718212366104126,
        0.034174852073192596,
        0.24444785714149475,
        0.3045419156551361,
        0.31315454840660095,
        0.18211577832698822,
        0.3145263195037842,
        0.026810912415385246,
        -0.25863462686538696,
        -0.18759781122207642,
        0.17840902507305145,
        -0.3734481930732727,
        0.14566217362880707,
        0.4213690161705017,
        0.16648602485656738,
        -0.14826826751232147,
        0.07951822131872177,
        -0.1433442384004593,
        0.4227456748485565,
        -0.09989671409130096,
        0.10989832133054733,
        -0.19851179420948029,
        0.05383574217557907,
        -0.005528151988983154,
        -0.24453042447566986,
        -0.3338889479637146,
        -0.027363650500774384,
        -0.09494147449731827,
        0.1354990452528,
        0.11625626683235168,
        0.3372325301170349,
        -0.2668673098087311,
        -0.11939989775419235,
        0.04566195607185364,
        -0.2580346465110779,
        0.33943310379981995,
        0.5426459312438965,
        -0.2270309329032898,
        0.3486340343952179,
        0.43338292837142944,
        -0.2879274785518646,
        -0.37531304359436035,
        0.055030547082424164,
        0.03666069358587265,
        -0.17079073190689087,
        0.05650279298424721,
        0.1812993884086609,
        0.20620031654834747,
        0.01807698793709278,
        -0.32304084300994873,
        0.17852461338043213,
        -0.17898958921432495,
        0.42679375410079956,
        0.4287678301334381,
        -0.5218132734298706
    ],
    "conv2_att_src": [
        -0.006992253940552473,
        -0.16998450458049774,
        -0.17842864990234375,
        -0.09488353133201599,
        -0.036739036440849304,
        0.35269081592559814,
        -0.2449435591697693,
        0.18946661055088043,
        -0.2617490291595459,
        -0.33362337946891785,
        0.060685671865940094,
        -0.3727741539478302,
        -0.1326245218515396,
        -0.038160182535648346,
        0.24566778540611267,
        0.06414847075939178,
        0.18148605525493622,
        -0.19124838709831238,
        0.2002451866865158,
        0.0658692941069603,
        -0.27308282256126404,
        -0.09948744624853134,
        0.02519977279007435,
        0.00817201565951109,
        -0.3084869384765625,
        -0.015701966360211372,
        -0.15479575097560883,
        -0.18063533306121826,
        0.16007749736309052,
        -0.22934097051620483,
        -0.2188292145729065,
        0.010041353292763233,
        -0.2622275650501251,
        -0.20377720892429352,
        0.10976116359233856,
        0.07877565920352936,
        -0.17696675658226013,
        0.20568525791168213,
        -0.02342674508690834,
        -0.004563626367598772,
        -0.06731036305427551,
        -0.16195182502269745,
        -0.1118408590555191,
        -0.15511639416217804,
        -0.08387935161590576,
        0.3278655707836151,
        0.229032963514328,
        -0.18462567031383514,
        0.3796277344226837,
        -0.34339120984077454,
        -0.1881161630153656,
        -0.2657008469104767,
        -0.15378722548484802,
        0.00906950980424881,
        0.23142822086811066,
        0.09168807417154312,
        0.21037307381629944,
        0.18074682354927063,
        0.16641154885292053,
        -0.4840618968009949,
        -0.11132773756980896,
        -0.4053097069263458,
        0.10996682196855545,
        0.06864188611507416
    ],
    "conv2_att_dst": [
        0.26686784625053406,
        0.318827748298645,
        0.0889638140797615,
        -0.144363135099411,
        0.15103742480278015,
        -0.24532659351825714,
        -0.09691725671291351,
        0.03467172756791115,
        -0.17363978922367096,
        -0.3236582577228546,
        0.4709414541721344,
        -0.17524240911006927,
        -0.029449548572301865,
        -0.3213439881801605,
        0.21268995106220245,
        0.014203030616044998,
        -0.035658709704875946,
        -0.2458852380514145,
        -0.30498942732810974,
        0.30893468856811523,
        -0.35207775235176086,
        0.12212701886892319,
        -0.08297666907310486,
        0.12142464518547058,
        -0.1133018434047699,
        -0.21403568983078003,
        -0.07894875109195709,
        0.20359764993190765,
        -0.04199554771184921,
        -0.11343368887901306,
        0.22462518513202667,
        0.33679714798927307,
        -0.07932928204536438,
        0.04483361914753914,
        0.28280290961265564,
        -0.005988487508147955,
        0.24726048111915588,
        -0.04248041659593582,
        -0.2669934630393982,
        0.19886565208435059,
        0.26651835441589355,
        -0.40441134572029114,
        -0.1855989247560501,
        -0.2423592060804367,
        -0.28408798575401306,
        0.39134514331817627,
        -0.21844825148582458,
        0.11080947518348694,
        0.33383721113204956,
        0.19569800794124603,
        0.23864230513572693,
        0.03597588092088699,
        0.02029067650437355,
        -0.13161301612854004,
        -0.18206337094306946,
        -0.16855937242507935,
        -0.2970794141292572,
        0.20547686517238617,
        -0.0883578509092331,
        -0.5184960961341858,
        -0.013040023855865002,
        -0.37137308716773987,
        0.008091009221971035,
        -0.052254486829042435
    ]
}