{
  "conv1.bias": [
    0.0,
    0.0,
    0.0,
    0.0,
    0.0,
    0.0,
    0.0,
    0.0,
    0.0,
    0.0,
    0.0,
    0.0,
    0.0,
    0.0,
    0.0,
    0.0
  ],
  "conv1.lin.weight": [
    [
      -0.0025615456979721785,
      0.3285016715526581,
      -0.4735606908798218,
      -0.41438916325569153,
      -0.09783001989126205
    ],
    [
      -0.5297866463661194,
      0.07263428717851639,
      -0.37845948338508606,
      -0.4797745943069458,
      -0.21713197231292725
    ],
    [
      -0.28641873598098755,
      -0.002756337868049741,
      0.358207643032074,
      -0.1301683932542801,
      0.10641317814588547
    ],
    [
      0.24145512282848358,
      0.14379078149795532,
      0.026273813098669052,
      0.08720120042562485,
      0.314657598733902
    ],
    [
      -0.4798174202442169,
      -0.21286502480506897,
      0.4725293815135956,
      -0.14020633697509766,
      0.33820560574531555
    ],
    [
      -0.42704033851623535,
      0.11936956644058228,
      -0.015626830980181694,
      -0.5020485520362854,
      0.11979272961616516
    ],
    [
      -0.056685671210289,
      -0.5188058018684387,
      -0.16630549728870392,
      0.4403863549232483,
      0.1072336956858635
    ],
    [
      -0.3264070153236389,
      -0.27585387229919434,
      -0.24388834834098816,
      -0.276998370885849,
      0.10065122693777084
    ],
    [
      -0.2509346306324005,
      0.3803875744342804,
      0.2853839099407196,
      0.3919348418712616,
      0.009517353028059006
    ],
    [
      0.48298323154449463,
      -0.4474840760231018,
      -0.28838852047920227,
      -0.3042123019695282,
      0.24978213012218475
    ],
    [
      -0.5083041787147522,
      -0.2532787024974823,
      0.2130809724330902,
      0.5002087354660034,
      0.3478242754936218
    ],
    [
      0.22102871537208557,
      -0.37750697135925293,
      0.1622346043586731,
      -0.19465123116970062,
      0.030968323349952698
    ],
    [
      -0.06846049427986145,
      0.5002263784408569,
      0.34869927167892456,
      0.05592663586139679,
      -0.5197370052337646
    ],
    [
      0.41879063844680786,
      0.3666552007198334,
      0.18168018758296967,
      -0.5282639265060425,
      -0.35515278577804565
    ],
    [
      0.2813999354839325,
      -0.5014851093292236,
      0.2281937152147293,
      0.06168559193611145,
      0.4885309934616089
    ],
    [
      0.18299880623817444,
      0.2823755741119385,
      0.1726391315460205,
      -0.2523171007633209,
      -0.2903933823108673
    ]
  ],
  "conv2.bias": [
    0.0,
    0.0,
    0.0,
    0.0,
    0.0,
    0.0,
    0.0,
    0.0,
    0.0,
    0.0,
    0.0,
    0.0,
    0.0,
    0.0,
    0.0,
    0.0
  ],
  "conv2.lin.weight": [
    [
      0.15332984924316406,
      -0.0993000939488411,
      0.3319777846336365,
      0.40049779415130615,
      -0.25149381160736084,
      -0.13168072700500488,
      -0.3078193962574005,
      0.2523791193962097,
      -0.4012143313884735,
      -0.14491112530231476,
      -0.2017563283443451,
      0.047375887632369995,
      -0.14383047819137573,
      0.33205610513687134,
      0.13081982731819153,
      0.09610920399427414
    ],
    [
      0.26105573773384094,
      -0.03838507458567619,
      0.0978248193860054,
      -0.20293036103248596,
      0.18239709734916687,
      -0.13320255279541016,
      0.32704856991767883,
      -0.18553341925144196,
      -0.07129985839128494,
      -0.3796112537384033,
      0.26120439171791077,
      -0.26548537611961365,
      0.38763245940208435,
      0.13050813972949982,
      -0.024535659700632095,
      -0.16229717433452606
    ],
    [
      -0.09924372285604477,
      -0.30840447545051575,
      0.13086740672588348,
      -0.40573543310165405,
      -0.18810704350471497,
      -0.29868921637535095,
      0.15421035885810852,
      0.13845667243003845,
      0.38845402002334595,
      -0.06600549072027206,
      0.3570290207862854,
      -0.2971007525920868,
      -0.2799987494945526,
      -0.31190234422683716,
      0.011609401553869247,
      -0.39211034774780273
    ],
    [
      0.2935338616371155,
      -0.33878293633461,
      0.18406589329242706,
      -0.19004783034324646,
      0.007995545864105225,
      -0.11791343986988068,
      0.20584100484848022,
      0.4107379615306854,
      -0.42685097455978394,
      -0.37125164270401,
      -0.03589734062552452,
      0.015214585699141026,
      0.41319653391838074,
      0.19105888903141022,
      -0.0037552921567112207,
      -0.3725266754627228
    ],
    [
      0.09558537602424622,
      -0.1670086532831192,
      0.16586637496948242,
      -0.15386703610420227,
      -0.02321622334420681,
      0.30166253447532654,
      0.3891535699367523,
      -0.3810071349143982,
      -0.26246050000190735,
      -0.16652539372444153,
      -0.012210609391331673,
      0.3006698489189148,
      0.26318851113319397,
      -0.03626347333192825,
      -0.2367415577173233,
      0.38577044010162354
    ],
    [
      -0.1541716456413269,
      -0.19359828531742096,
      0.19645963609218597,
      0.24017325043678284,
      0.13054706156253815,
      -0.10330042243003845,
      -0.17081324756145477,
      -0.1262296885251999,
      0.317671537399292,
      0.2400524616241455,
      0.18866772949695587,
      -0.04147835075855255,
      0.2086830586194992,
      0.05672561004757881,
      -0.16676481068134308,
      -0.16895516216754913
    ],
    [
      0.1910073161125183,
      0.0020557320676743984,
      0.3329039216041565,
      0.292449414730072,
      0.24586224555969238,
      -0.3318187892436981,
      -0.39763861894607544,
      0.19192051887512207,
      -0.027706725522875786,
      -0.42854392528533936,
      -0.1878134310245514,
      -0.20632906258106232,
      -0.27754905819892883,
      0.08871744573116302,
      0.1421438753604889,
      -0.25668472051620483
    ],
    [
      -0.37023571133613586,
      0.2835635244846344,
      0.24259786307811737,
      0.13349781930446625,
      0.15431524813175201,
      -0.06790827959775925,
      -0.053304705768823624,
      -0.10601656883955002,
      -0.21087588369846344,
      -0.31283363699913025,
      0.26659300923347473,
      -0.06643542647361755,
      0.022337045520544052,
      -0.3596086800098419,
      0.016040852293372154,
      -0.0022042402997612953
    ],
    [
      -0.3064389228820801,
      -0.3684720993041992,
      -0.35178452730178833,
      -0.41154175996780396,
      0.3474070131778717,
      -0.20882557332515717,
      -0.092683345079422,
      0.2731616497039795,
      0.11324133723974228,
      0.043735604733228683,
      -0.0027834586799144745,
      0.0009214531746692955,
      -0.0028413753025233746,
      -0.15945377945899963,
      0.03916126862168312,
      0.1772599071264267
    ],
    [
      -0.22689206898212433,
      0.33289873600006104,
      0.09976162016391754,
      -0.12281394749879837,
      0.16761063039302826,
      0.15891307592391968,
      0.16567455232143402,
      -0.11129849404096603,
      0.28709685802459717,
      0.012179483659565449,
      0.31165069341659546,
      -0.14697852730751038,
      -0.14159871637821198,
      0.17950522899627686,
      0.056162599474191666,
      0.14562372863292694
    ],
    [
      -0.21915672719478607,
      -0.02491702139377594,
      0.4124627411365509,
      -0.17980659008026123,
      0.20416927337646484,
      -0.42040783166885376,
      0.2319866120815277,
      0.31820058822631836,
      0.00321060698479414,
      -0.08495534211397171,
      0.16622543334960938,
      0.09071433544158936,
      0.22209763526916504,
      0.060081835836172104,
      -0.3402571976184845,
      -0.33184367418289185
    ],
    [
      0.30313313007354736,
      -0.0037365544121712446,
      0.3254227638244629,
      0.22356857359409332,
      -0.23809155821800232,
      -0.2913484573364258,
      0.2943945527076721,
      -0.13683371245861053,
      0.258535772562027,
      -0.2786690592765808,
      -0.0694064199924469,
